,Rank,Name,Platform,Year,Genre,Publisher,NA_Sales,EU_Sales,JP_Sales,Other_Sales,Global_Sales
5366,5368,Freeway,2600,1980.0,Action,Activision,0.32,0.02,0.0,0.0,0.34
2669,2671,Boxing,2600,1980.0,Fighting,Activision,0.72,0.04,0.0,0.01,0.77
1766,1768,Kaboom!,2600,1980.0,Misc,Activision,1.07,0.07,0.0,0.01,1.15
258,259,Asteroids,2600,1980.0,Shooter,Atari,4.0,0.26,0.0,0.05,4.31
4025,4027,Ice Hockey,2600,1980.0,Sports,Activision,0.46,0.03,0.0,0.01,0.49
734,736,Frogger,2600,1981.0,Action,Parker Bros.,2.06,0.12,0.0,0.02,2.2
239,240,Pitfall!,2600,1981.0,Platform,Activision,4.21,0.24,0.0,0.05,4.5
1106,1108,Ms. Pac-Man,2600,1981.0,Puzzle,Atari,1.54,0.1,0.0,0.02,1.65
4139,4141,Grand Prix,2600,1981.0,Racing,Activision,0.45,0.03,0.0,0.0,0.48
766,768,Demon Attack,2600,1981.0,Shooter,Imagic,1.99,0.12,0.0,0.02,2.13
4346,4348,Phoenix,2600,1981.0,Simulation,Atari,0.42,0.02,0.0,0.0,0.45
6537,6539,RealSports Football,2600,1981.0,Sports,Atari,0.24,0.01,0.0,0.0,0.26
3079,3081,Keystone Kapers,2600,1982.0,Action,Activision,0.62,0.04,0.0,0.01,0.66
2406,2408,Enduro,2600,1982.0,Misc,Quelle,0.81,0.05,0.0,0.01,0.87
1163,1165,Mario Bros.,2600,1982.0,Platform,Atari,1.48,0.09,0.0,0.02,1.59
89,90,Pac-Man,2600,1982.0,Puzzle,Atari,7.28,0.45,0.0,0.08,7.81
1705,1707,Pole Position,2600,1982.0,Racing,Atari,1.1,0.07,0.0,0.01,1.18
1817,1819,Moon Patrol,2600,1982.0,Shooter,Atari,1.05,0.06,0.0,0.01,1.12
3643,3645,The Activision Decathlon,2600,1982.0,Sports,Activision,0.52,0.03,0.0,0.01,0.55
2672,2674,Crystal Castles,2600,1983.0,Action,Atari,0.72,0.04,0.0,0.01,0.77
4780,4782,Pengo,2600,1983.0,Adventure,Atari,0.38,0.02,0.0,0.0,0.4
763,765,Mahjong,NES,1983.0,Misc,Nintendo,0.01,0.0,2.13,0.0,2.14
700,702,Mario Bros.,NES,1983.0,Platform,Nintendo,0.51,0.12,1.63,0.02,2.28
2652,2654,Jr. Pac-Man,2600,1983.0,Puzzle,Atari,0.72,0.05,0.0,0.01,0.78
4096,4098,Millipede,2600,1983.0,Shooter,Atari,0.45,0.03,0.0,0.01,0.48
421,422,Baseball,NES,1983.0,Sports,Nintendo,0.73,0.1,2.35,0.02,3.2
938,940,Pinball,NES,1984.0,Action,Nintendo,0.8,0.19,0.83,0.03,1.85
1324,1326,4 Nin uchi Mahjong,NES,1984.0,Misc,Nintendo,0.0,0.0,1.45,0.0,1.45
2955,2957,Mappy,NES,1984.0,Platform,Namco Bandai Games,0.0,0.0,0.69,0.0,0.69
1638,1640,Pac-Man,NES,1984.0,Puzzle,Namco Bandai Games,0.27,0.08,0.85,0.02,1.22
277,278,Excitebike,NES,1984.0,Racing,Nintendo,2.04,0.48,1.57,0.07,4.16
9,10,Duck Hunt,NES,1984.0,Shooter,Nintendo,26.93,0.63,0.28,0.47,28.31
298,299,Golf,NES,1984.0,Sports,Nintendo,1.22,0.28,2.46,0.04,4.01
374,375,Kung Fu,NES,1985.0,Action,Nintendo,1.64,0.38,1.42,0.06,3.5
1973,1975,Tag Team Match M.U.S.C.L.E.,NES,1985.0,Fighting,Namco Bandai Games,0.0,0.0,1.05,0.0,1.05
1,2,Super Mario Bros.,NES,1985.0,Platform,Nintendo,29.08,3.58,6.81,0.77,40.24
1490,1492,Gyromite,NES,1985.0,Puzzle,Nintendo,0.73,0.16,0.4,0.03,1.32
2059,2061,1942,NES,1985.0,Shooter,Capcom,0.65,0.14,0.21,0.0,1.0
14335,14338,Alter Ego,PC,1985.0,Simulation,Activision,0.0,0.03,0.0,0.01,0.03
868,870,Soccer,NES,1985.0,Sports,Nintendo,0.18,0.23,1.53,0.02,1.96
127,128,The Legend of Zelda,NES,1986.0,Action,Nintendo,3.74,0.93,1.69,0.14,6.51
573,574,Super Mario Bros.: The Lost Levels,NES,1986.0,Platform,Nintendo,0.0,0.0,2.65,0.0,2.65
867,869,Rad Racer,NES,1986.0,Racing,Nintendo,1.13,0.37,0.41,0.05,1.96
611,612,Dragon Warrior,NES,1986.0,Role-Playing,Capcom,0.49,0.0,0.52,1.51,2.52
1427,1429,Gradius,NES,1986.0,Shooter,Konami Digital Entertainment,0.27,0.08,1.0,0.01,1.36
452,453,World Class Track Meet,NES,1986.0,Sports,Namco Bandai Games,1.92,0.45,0.64,0.07,3.08
3118,3120,Kung-Fu Master,2600,1987.0,Action,Activision,0.6,0.04,0.0,0.01,0.65
251,252,Zelda II: The Adventure of Link,NES,1987.0,Adventure,Nintendo,2.19,0.5,1.61,0.08,4.38
465,466,Mike Tyson's Punch-Out!!,NES,1987.0,Fighting,Nintendo,2.03,0.47,0.45,0.07,3.02
2234,2236,Castlevania II: Simon's Quest,NES,1987.0,Platform,Konami Digital Entertainment,0.45,0.06,0.42,0.0,0.93
602,603,Dragon Warrior II,NES,1987.0,Role-Playing,Enix Corporation,0.15,0.0,2.41,0.0,2.56
4393,4395,Defender II,2600,1987.0,Shooter,Atari,0.42,0.02,0.0,0.0,0.45
759,761,Volleyball,NES,1987.0,Sports,Nintendo,0.14,0.03,1.98,0.0,2.15
1246,1248,Mega Man 2,NES,1988.0,Action,Capcom,0.93,0.15,0.42,0.01,1.51
22,23,Super Mario Bros. 3,NES,1988.0,Platform,Nintendo,9.54,3.44,3.84,0.46,17.28
155,156,Tetris,NES,1988.0,Puzzle,Nintendo,2.97,0.69,1.81,0.11,5.58
764,766,R.C. Pro-Am,NES,1988.0,Racing,Nintendo,1.47,0.38,0.19,0.1,2.14
312,313,Dragon Warrior III,NES,1988.0,Role-Playing,Enix Corporation,0.1,0.0,3.77,0.0,3.87
3940,3942,River Raid II,2600,1988.0,Shooter,Activision,0.47,0.03,0.0,0.01,0.51
14507,14510,SimCity,PC,1988.0,Simulation,Maxis,0.0,0.02,0.0,0.01,0.03
638,639,Ice Hockey,NES,1988.0,Sports,Nintendo,1.27,0.32,0.78,0.05,2.42
276,277,Teenage Mutant Ninja Turtles,NES,1989.0,Action,Palcom,3.38,0.44,0.31,0.04,4.17
1542,1544,Yakuman,GB,1989.0,Misc,Nintendo,0.0,0.0,1.28,0.0,1.28
21,22,Super Mario Land,GB,1989.0,Platform,Nintendo,10.83,2.71,4.18,0.42,18.14
5,6,Tetris,GB,1989.0,Puzzle,Nintendo,23.2,2.26,4.22,0.58,30.26
1858,1860,The Final Fantasy Legend,GB,1989.0,Role-Playing,SquareSoft,0.0,0.0,1.1,0.0,1.1
1678,1680,SolarStriker,GB,1989.0,Shooter,Nintendo,0.4,0.39,0.36,0.04,1.2
775,777,Golf,GB,1989.0,Sports,Nintendo,0.83,0.33,0.92,0.04,2.12
588,589,Streets of Rage,GEN,1990.0,Action,Sega,1.86,0.55,0.11,0.08,2.6
18,19,Super Mario World,SNES,1990.0,Platform,Nintendo,12.78,3.75,3.54,0.55,20.61
215,216,Dr. Mario,NES,1990.0,Puzzle,Nintendo,2.62,0.6,1.52,0.1,4.85
391,392,F-1 Race,GB,1990.0,Racing,Nintendo,1.73,0.69,0.59,0.4,3.41
446,447,Dragon Warrior IV,NES,1990.0,Role-Playing,Enix Corporation,0.08,0.0,3.03,0.01,3.12
1792,1794,Pilotwings,SNES,1990.0,Simulation,Nintendo,0.46,0.17,0.48,0.02,1.14
1278,1280,Nintendo World Cup,NES,1990.0,Sports,Nintendo,0.28,0.5,0.65,0.05,1.48
231,232,The Legend of Zelda: A Link to the Past,SNES,1991.0,Action,Nintendo,2.42,0.91,1.15,0.13,4.61
987,989,Metroid II: Return of Samus,GB,1991.0,Adventure,Nintendo,0.85,0.31,0.56,0.04,1.76
4944,4946,Super Fire ProWrestling,SNES,1991.0,Fighting,Human Entertainment,0.0,0.0,0.39,0.0,0.39
11330,11332,Chibi Maruko-Chan: Harikiri 365-Nichi no Maki,SNES,1991.0,Misc,Epoch,0.0,0.0,0.08,0.0,0.08
254,255,Sonic the Hedgehog,GEN,1991.0,Platform,Sega,3.03,0.91,0.26,0.13,4.34
1008,1010,Yoshi,NES,1991.0,Puzzle,Nintendo,0.7,0.13,0.91,0.01,1.75
1794,1796,Super R.C. Pro-Am,GB,1991.0,Racing,Nintendo,0.58,0.37,0.15,0.04,1.14
983,985,Final Fantasy II,SNES,1991.0,Role-Playing,Square,0.24,0.09,1.33,0.12,1.77
1108,1110,Super Scope 6,SNES,1991.0,Shooter,Nintendo,1.06,0.38,0.15,0.05,1.65
855,857,SimCity,SNES,1991.0,Simulation,Nintendo,0.93,0.27,0.75,0.04,1.98
2061,2063,NES Open Tournament Golf,NES,1991.0,Sports,Nintendo,0.41,0.1,0.47,0.02,1.0
5541,5543,Kidou Senshi Gundam F91: Formula Senki 0122,SNES,1991.0,Strategy,Namco Bandai Games,0.0,0.0,0.33,0.0,0.33
318,319,The Legend of Zelda: Link's Awakening,GB,1992.0,Action,Nintendo,2.21,0.96,0.54,0.13,3.83
50,51,Super Mario Land 2: 6 Golden Coins,GB,1992.0,Adventure,Nintendo,6.16,2.04,2.69,0.29,11.18
136,137,Street Fighter II: The World Warrior,SNES,1992.0,Fighting,Capcom,2.47,0.83,2.87,0.12,6.3
545,546,Mario Paint,SNES,1992.0,Misc,Nintendo,1.43,0.54,0.71,0.07,2.75
143,144,Sonic the Hedgehog 2,GEN,1992.0,Platform,Sega,4.47,1.2,0.16,0.19,6.03
1076,1078,Yoshi's Cookie,GB,1992.0,Puzzle,Nintendo,0.59,0.24,0.82,0.03,1.68
76,77,Super Mario Kart,SNES,1992.0,Racing,Nintendo,3.54,1.24,3.81,0.18,8.76
531,532,Dragon Quest V: Tenkuu no Hanayome,SNES,1992.0,Role-Playing,Enix Corporation,0.0,0.0,2.78,0.01,2.79
9442,9444,Contra III: The Alien Wars,SNES,1992.0,Shooter,Konami Digital Entertainment,0.0,0.0,0.13,0.0,0.13
765,767,SimCity 2000,PC,1992.0,Simulation,Maxis,1.2,0.84,0.0,0.1,2.14
827,829,NBA Jam,GEN,1992.0,Sports,Arena Entertainment,1.75,0.25,0.0,0.05,2.05
6088,6090,Romance of the Three Kingdoms III: Dragon of Destiny,SNES,1992.0,Strategy,Tecmo Koei,0.0,0.0,0.29,0.0,0.29
2033,2035,Final Fight 2,SNES,1993.0,Action,Capcom,0.39,0.12,0.49,0.02,1.02
11951,11953,Ecco: The Tides of Time,GEN,1993.0,Adventure,Sega,0.0,0.0,0.07,0.0,0.07
849,851,Super Street Fighter II,SNES,1993.0,Fighting,Nintendo,0.52,0.16,1.29,0.03,2.0
7769,7771,Jissen Pachi-Slot Hisshouhou,SNES,1993.0,Misc,Sammy Corporation,0.0,0.0,0.19,0.0,0.19
57,58,Super Mario All-Stars,SNES,1993.0,Platform,Nintendo,5.99,2.15,2.12,0.29,10.55
1054,1056,Super Puyo Puyo,SNES,1993.0,Puzzle,Banpresto,0.0,0.0,1.69,0.01,1.7
5291,5293,Stunt Race FX,SNES,1993.0,Racing,Nintendo,0.0,0.0,0.35,0.0,0.35
948,950,Secret of Mana,SNES,1993.0,Role-Playing,SquareSoft,0.25,0.07,1.49,0.02,1.83
472,473,Star Fox,SNES,1993.0,Shooter,Nintendo,1.61,0.51,0.8,0.07,2.99
7929,7931,Thoroughbred Breeder,SNES,1993.0,Simulation,Hect,0.0,0.0,0.19,0.0,0.19
2592,2594,Capcom's Soccer Shootout,SNES,1993.0,Sports,Nintendo,0.0,0.0,0.8,0.0,0.8
3236,3238,Nobunaga no Yabou: Haouden,SNES,1993.0,Strategy,Tecmo Koei,0.3,0.0,0.32,0.0,0.62
1360,1362,Super Metroid,SNES,1994.0,Action,Nintendo,0.57,0.12,0.71,0.02,1.42
521,522,Myst,PC,1994.0,Adventure,Red Orb,0.02,2.79,0.0,0.0,2.81
1221,1223,Mortal Kombat 3,SNES,1994.0,Fighting,Acclaim Entertainment,1.19,0.29,0.0,0.05,1.53
653,655,Monopoly,PC,1994.0,Misc,Hasbro Interactive,1.49,0.81,0.0,0.1,2.39
71,72,Donkey Kong Country,SNES,1994.0,Platform,Nintendo,4.36,1.71,3.0,0.23,9.3
2537,2539,Super Bomberman 2,SNES,1994.0,Puzzle,Hudson Soft,0.0,0.0,0.81,0.0,0.81
2601,2603,Ridge Racer,PS,1994.0,Racing,Sony Computer Entertainment,0.0,0.0,0.74,0.05,0.79
389,390,Final Fantasy III,SNES,1994.0,Role-Playing,SquareSoft,0.86,0.0,2.55,0.02,3.42
353,354,Doom II: Hell on Earth,PC,1994.0,Shooter,Virgin Interactive,2.05,1.4,0.0,0.16,3.61
2289,2291,Super Momotarou Dentetsu III,SNES,1994.0,Simulation,Hudson Soft,0.0,0.0,0.91,0.0,0.91
1393,1395,NBA Jam,SNES,1994.0,Sports,Acclaim Entertainment,1.19,0.16,0.0,0.03,1.39
806,808,Warcraft: Orcs & Humans,PC,1994.0,Strategy,Activision,0.89,1.08,0.0,0.11,2.08
1188,1190,Twisted Metal,PS,1995.0,Action,Sony Computer Entertainment,1.32,0.19,0.0,0.05,1.56
9223,9225,Doukyuusei,TG16,1995.0,Adventure,NEC,0.0,0.0,0.14,0.0,0.14
415,416,Tekken,PS,1995.0,Fighting,Sony Computer Entertainment,0.95,1.3,0.77,0.22,3.24
317,318,Namco Museum Vol.1,PS,1995.0,Misc,Sony Computer Entertainment,2.12,1.44,0.22,0.06,3.84
187,188,Donkey Kong Country 2: Diddy's Kong Quest,SNES,1995.0,Platform,Nintendo,2.1,0.74,2.2,0.11,5.15
3271,3273,Mario's Picross,GB,1995.0,Puzzle,Nintendo,0.0,0.0,0.62,0.0,0.62
1554,1556,Road Rash,PS,1995.0,Racing,Electronic Arts,0.71,0.48,0.0,0.08,1.27
426,427,Dragon Quest VI: Maboroshi no Daichi,SNES,1995.0,Role-Playing,Enix Corporation,0.0,0.0,3.19,0.0,3.19
3237,3239,Virtua Cop,SAT,1995.0,Shooter,Sega,0.0,0.0,0.62,0.0,0.62
950,952,Air Combat,PS,1995.0,Simulation,Sony Computer Entertainment,0.92,0.33,0.52,0.05,1.83
1771,1773,Derby Stallion III,SNES,1995.0,Sports,ASCII Entertainment,0.0,0.0,1.15,0.0,1.15
267,268,Warcraft II: Tides of Darkness,PC,1995.0,Strategy,Activision,1.7,2.27,0.0,0.23,4.21
201,202,Resident Evil,PS,1996.0,Action,Virgin Interactive,2.05,1.16,1.11,0.73,5.05
2502,2504,Casper,PS,1996.0,Adventure,Interplay,0.46,0.31,0.0,0.05,0.83
152,153,Tekken 2,PS,1996.0,Fighting,Sony Computer Entertainment,2.26,1.89,1.36,0.23,5.74
293,294,Namco Museum Vol.3,PS,1996.0,Misc,Sony Computer Entertainment,2.28,1.55,0.16,0.06,4.05
46,47,Super Mario 64,N64,1996.0,Platform,Nintendo,6.91,2.85,1.91,0.23,11.89
646,647,Tetris Plus,PS,1996.0,Puzzle,JVC,2.1,0.24,0.0,0.07,2.4
63,64,Mario Kart 64,N64,1996.0,Racing,Nintendo,5.55,1.94,2.23,0.15,9.87
4,5,Pokemon Red/Pokemon Blue,GB,1996.0,Role-Playing,Nintendo,11.27,8.89,10.22,1.0,31.37
1216,1218,Die Hard Trilogy,PS,1996.0,Shooter,Fox Interactive,0.85,0.58,0.0,0.1,1.54
194,195,Microsoft Flight Simulator,PC,1996.0,Simulation,Microsoft Game Studios,3.22,1.69,0.0,0.2,5.12
1382,1384,2Xtreme,PS,1996.0,Sports,Sony Computer Entertainment,1.15,0.2,0.0,0.05,1.4
511,512,Command & Conquer: Red Alert,PC,1996.0,Strategy,Virgin Interactive,1.37,1.34,0.0,0.14,2.85
178,179,Tomb Raider II,PS,1997.0,Action,Eidos Interactive,2.3,2.46,0.2,0.28,5.24
635,636,Riven: The Sequel to Myst,PC,1997.0,Adventure,Red Orb,1.52,0.82,0.0,0.1,2.43
1064,1066,WCW vs. nWo: World Tour,N64,1997.0,Fighting,THQ,1.37,0.28,0.03,0.02,1.69
1250,1252,Monopoly,PS,1997.0,Misc,Hasbro Interactive,1.18,0.27,0.0,0.05,1.51
95,96,Crash Bandicoot 2: Cortex Strikes Back,PS,1997.0,Platform,Sony Computer Entertainment,3.78,2.17,1.31,0.31,7.58
1635,1637,Intelligent Qube,PS,1997.0,Puzzle,Sony Computer Entertainment,0.13,0.07,1.0,0.02,1.22
52,53,Gran Turismo,PS,1997.0,Racing,Sony Computer Entertainment,4.02,3.87,2.54,0.52,10.95
66,67,Final Fantasy VII,PS,1997.0,Role-Playing,Sony Computer Entertainment,3.01,2.47,3.28,0.96,9.72
84,85,GoldenEye 007,N64,1997.0,Shooter,Nintendo,5.8,2.01,0.13,0.15,8.09
1326,1328,Game de Hakken!! Tamagotchi 2,GB,1997.0,Simulation,Namco Bandai Games,0.0,0.0,1.44,0.01,1.45
527,528,Hot Shots Golf,PS,1997.0,Sports,Sony Computer Entertainment,0.29,0.2,2.13,0.18,2.79
648,649,Theme Hospital,PC,1997.0,Strategy,Electronic Arts,2.3,0.1,0.0,0.0,2.4
94,95,The Legend of Zelda: Ocarina of Time,N64,1998.0,Action,Nintendo,4.1,1.89,1.45,0.16,7.6
400,401,Rugrats: Search For Reptar,PS,1998.0,Adventure,THQ,1.63,1.53,0.0,0.18,3.34
105,106,Tekken 3,PS,1998.0,Fighting,Sony Computer Entertainment,3.27,2.22,1.4,0.29,7.16
554,555,Mario Party,N64,1998.0,Misc,Nintendo,1.25,0.53,0.87,0.05,2.7
106,107,Crash Bandicoot 3: Warped,PS,1998.0,Platform,Sony Computer Entertainment,3.68,1.75,1.42,0.28,7.13
889,891,Tetris DX,GB,1998.0,Puzzle,Nintendo,1.06,0.6,0.2,0.07,1.93
442,443,Need for Speed III: Hot Pursuit,PS,1998.0,Racing,Electronic Arts,2.14,0.86,0.0,0.13,3.12
30,31,Pokémon Yellow: Special Pikachu Edition,GB,1998.0,Role-Playing,Nintendo,5.89,5.04,3.12,0.59,14.64
567,568,Medal of Honor,PS,1998.0,Shooter,Electronic Arts,1.44,1.09,0.0,0.14,2.67
753,755,Star Wars: Rogue Squadron,N64,1998.0,Simulation,Nintendo,1.6,0.46,0.08,0.03,2.17
689,691,Cool Boarders 3,PS,1998.0,Sports,989 Studios,1.65,0.46,0.1,0.1,2.31
335,336,Pokémon Trading Card Game,GB,1998.0,Strategy,Nintendo,1.49,0.73,1.38,0.1,3.7
138,139,Driver,PS,1999.0,Action,GT Interactive,3.11,2.8,0.02,0.33,6.27
1014,1016,Star Wars Episode I: The Phantom Menace,PS,1999.0,Adventure,LucasArts,0.72,0.89,0.04,0.1,1.74
157,158,Super Smash Bros.,N64,1999.0,Fighting,Nintendo,2.95,0.6,1.97,0.04,5.55
171,172,Pokemon Pinball,GB,1999.0,Misc,Nintendo,3.02,1.12,1.01,0.16,5.31
175,176,Donkey Kong 64,N64,1999.0,Platform,Nintendo,3.33,0.79,1.09,0.06,5.27
2479,2481,Q*bert,PS,1999.0,Puzzle,Atari,0.46,0.32,0.0,0.05,0.84
69,70,Gran Turismo 2,PS,1999.0,Racing,Sony Computer Entertainment,3.88,3.42,1.69,0.5,9.49
12,13,Pokemon Gold/Pokemon Silver,GB,1999.0,Role-Playing,Nintendo,9.0,6.18,7.2,0.71,23.1
420,421,007: Tomorrow Never Dies,PS,1999.0,Shooter,Electronic Arts,1.72,1.33,0.0,0.16,3.21
346,347,Pokemon Snap,N64,1999.0,Simulation,Nintendo,2.23,0.68,0.66,0.06,3.63
202,203,Tony Hawk's Pro Skater,PS,1999.0,Sports,Activision,3.42,1.38,0.02,0.2,5.02
165,166,Pokemon Stadium,N64,1999.0,Strategy,Nintendo,3.18,1.24,0.94,0.09,5.45
223,224,Driver 2,PS,2000.0,Action,Atari,2.36,2.1,0.02,0.25,4.73
3122,3124,Mary-Kate and Ashley: Magical Mystery Mall,PS,2000.0,Adventure,Acclaim Entertainment,0.36,0.24,0.0,0.04,0.65
294,295,Tekken Tag Tournament,PS2,2000.0,Fighting,Namco Bandai Games,1.68,1.51,0.51,0.35,4.05
393,394,Crash Bash,PS,2000.0,Misc,Sony Computer Entertainment,1.56,1.47,0.19,0.17,3.39
333,334,Spyro: Year of the Dragon,PS,2000.0,Platform,Sony Computer Entertainment,1.93,1.58,0.0,0.19,3.71
1620,1622,Kirby Tilt 'n' Tumble,GB,2000.0,Puzzle,Nintendo,0.29,0.17,0.75,0.02,1.23
576,577,Midnight Club: Street Racing,PS2,2000.0,Racing,Take-Two Interactive,2.0,0.47,0.02,0.14,2.63
132,133,Pokémon Crystal Version,GB,2000.0,Role-Playing,Nintendo,2.55,1.56,1.29,0.99,6.39
757,759,Syphon Filter 2,PS,2000.0,Shooter,Sony Computer Entertainment,1.5,0.55,0.02,0.08,2.15
2613,2615,Armored Core 2,PS2,2000.0,Simulation,Ubisoft,0.28,0.22,0.23,0.07,0.79
225,226,Tony Hawk's Pro Skater 2,PS,2000.0,Sports,Activision,3.05,1.41,0.02,0.2,4.68
547,548,Pokémon Stadium 2,N64,2000.0,Strategy,Nintendo,1.02,0.36,1.13,0.23,2.73
38,39,Grand Theft Auto III,PS2,2001.0,Action,Take-Two Interactive,6.99,4.51,0.3,1.3,13.1
879,881,Scooby Doo and the Cyber Chase,PS,2001.0,Adventure,THQ,0.59,1.23,0.0,0.13,1.94
107,108,Super Smash Bros. Melee,GC,2001.0,Fighting,Nintendo,4.41,1.04,1.39,0.22,7.07
264,265,Namco Museum,GBA,2001.0,Misc,Namco Bandai Games,3.0,1.11,0.05,0.07,4.24
162,163,Super Mario Advance,GBA,2001.0,Platform,Nintendo,3.14,1.24,0.91,0.2,5.49
488,489,Pac-Man Collection,GBA,2001.0,Puzzle,Atari,2.07,0.77,0.05,0.05,2.94
28,29,Gran Turismo 3: A-Spec,PS2,2001.0,Racing,Sony Computer Entertainment,6.85,5.09,1.87,1.16,14.98
86,87,Final Fantasy X,PS2,2001.0,Role-Playing,Sony Computer Entertainment,2.91,2.07,2.73,0.33,8.05
129,130,Halo: Combat Evolved,XB,2001.0,Shooter,Microsoft Game Studios,4.98,1.3,0.08,0.07,6.43
433,434,Ace Combat 04: Shattered Skies,PS2,2001.0,Simulation,Sony Computer Entertainment Europe,2.06,0.56,0.38,0.17,3.17
248,249,Tony Hawk's Pro Skater 3,PS2,2001.0,Sports,Activision,2.66,1.29,0.01,0.46,4.41
812,814,Yu-Gi-Oh! The Eternal Duelist Soul,GBA,2001.0,Strategy,Konami Digital Entertainment,1.64,0.36,0.0,0.07,2.07
24,25,Grand Theft Auto: Vice City,PS2,2002.0,Action,Take-Two Interactive,8.41,5.49,0.47,1.78,16.15
714,716,Onimusha 2: Samurai's Destiny,PS2,2002.0,Adventure,Capcom,0.62,0.44,1.06,0.13,2.25
385,386,Tekken 4,PS2,2002.0,Fighting,Namco Bandai Games,1.55,1.27,0.33,0.29,3.44
626,627,Mario Party 4,GC,2002.0,Misc,Nintendo,1.13,0.36,0.92,0.07,2.47
135,136,Super Mario Sunshine,GC,2002.0,Platform,Nintendo,4.01,1.26,0.87,0.17,6.31
800,802,Tetris Worlds,PS2,2002.0,Puzzle,THQ,1.11,0.71,0.0,0.27,2.08
747,749,ATV Offroad Fury 2,PS2,2002.0,Racing,THQ,1.92,0.2,0.0,0.06,2.18
25,26,Pokemon Ruby/Pokemon Sapphire,GBA,2002.0,Role-Playing,Nintendo,6.06,3.9,5.38,0.5,15.85
114,115,Medal of Honor: Frontline,PS2,2002.0,Shooter,Electronic Arts,2.93,2.75,0.17,0.99,6.83
328,329,The Sims: Unleashed,PC,2002.0,Simulation,Electronic Arts,2.03,1.56,0.0,0.17,3.76
279,280,Madden NFL 2003,PS2,2002.0,Sports,Electronic Arts,3.36,0.21,0.01,0.56,4.14
1593,1595,RollerCoaster Tycoon 2,PC,2002.0,Strategy,Atari,1.19,0.05,0.0,0.0,1.25
408,409,The Lord of the Rings: The Return of the King,PS2,2003.0,Action,Electronic Arts,1.5,1.28,0.05,0.46,3.28
4581,4583,Dog's Life,PS2,2003.0,Adventure,Sony Computer Entertainment,0.21,0.16,0.0,0.05,0.42
524,525,WWE SmackDown! Here Comes the Pain,PS2,2003.0,Fighting,THQ,1.32,1.06,0.04,0.38,2.8
270,271,EyeToy Play,PS2,2003.0,Misc,Sony Computer Entertainment,0.88,2.3,0.2,0.83,4.2
182,183,Super Mario Bros. 3,GBA,2003.0,Platform,Nintendo,2.93,1.25,0.83,0.2,5.2
1626,1628,"WarioWare, Inc.: Mega MicroGame$",GBA,2003.0,Puzzle,Nintendo,0.4,0.11,0.7,0.02,1.23
104,105,Need for Speed Underground,PS2,2003.0,Racing,Electronic Arts,3.27,2.83,0.08,1.02,7.2
174,175,Final Fantasy X-2,PS2,2003.0,Role-Playing,Electronic Arts,1.92,1.08,2.11,0.17,5.29
190,191,Medal of Honor: Rising Sun,PS2,2003.0,Shooter,Electronic Arts,1.98,2.23,0.13,0.8,5.13
541,542,The Sims,PS2,2003.0,Simulation,Electronic Arts,1.41,1.12,0.0,0.24,2.77
306,307,Tony Hawk's Underground,PS2,2003.0,Sports,Activision,2.29,1.17,0.01,0.42,3.9
1212,1214,Warcraft III: The Frozen Throne,PC,2003.0,Strategy,Activision,0.58,0.87,0.0,0.09,1.54
17,18,Grand Theft Auto: San Andreas,PS2,2004.0,Action,Take-Two Interactive,9.43,0.4,0.41,10.57,20.81
2333,2335,Classic NES Series: The Legend of Zelda,GBA,2004.0,Adventure,Nintendo,0.46,0.17,0.24,0.02,0.89
881,883,Dragon Ball Z: Budokai 3,PS2,2004.0,Fighting,Atari,1.09,0.15,0.65,0.04,1.94
495,496,Sonic Mega Collection Plus,PS2,2004.0,Misc,Sega,1.54,1.14,0.0,0.22,2.9
59,60,Super Mario 64,DS,2004.0,Platform,Nintendo,5.08,3.11,1.25,0.98,10.42
686,688,WarioWare Touched!,DS,2004.0,Puzzle,Nintendo,0.52,0.45,1.21,0.13,2.31
47,48,Gran Turismo 4,PS2,2004.0,Racing,Sony Computer Entertainment,3.01,0.01,1.1,7.53,11.66
58,59,Pokemon FireRed/Pokemon LeafGreen,GBA,2004.0,Role-Playing,Nintendo,4.34,2.65,3.15,0.35,10.49
79,80,Halo 2,XB,2004.0,Shooter,Microsoft Game Studios,6.82,1.53,0.05,0.08,8.49
767,769,Dance Dance Revolution Extreme,PS2,2004.0,Simulation,Konami Digital Entertainment,1.04,0.81,0.0,0.27,2.13
238,239,Madden NFL 2005,PS2,2004.0,Sports,Electronic Arts,4.18,0.26,0.01,0.08,4.53
1669,1671,Pikmin 2,GC,2004.0,Strategy,Nintendo,0.48,0.13,0.56,0.03,1.2
90,91,Grand Theft Auto: Liberty City Stories,PSP,2005.0,Action,Take-Two Interactive,2.9,2.83,0.24,1.75,7.72
2082,2084,Phoenix Wright: Ace Attorney,DS,2005.0,Adventure,Capcom,0.49,0.07,0.39,0.05,0.99
311,312,Tekken 5,PS2,2005.0,Fighting,Namco Bandai Games,0.93,1.94,0.31,0.7,3.87
19,20,Brain Age: Train Your Brain in Minutes a Day,DS,2005.0,Misc,Nintendo,4.75,9.26,4.16,2.05,20.22
437,438,Sonic Rush,DS,2005.0,Platform,Sega,1.22,1.57,0.06,0.29,3.15
27,28,Brain Age 2: More Training in Minutes a Day,DS,2005.0,Puzzle,Nintendo,3.44,5.36,5.32,1.18,15.3
11,12,Mario Kart DS,DS,2005.0,Racing,Nintendo,9.81,7.57,4.13,1.92,23.42
255,256,Kingdom Hearts II,PS2,2005.0,Role-Playing,Square Enix,2.2,0.58,1.38,0.17,4.33
357,358,Star Wars: Battlefront II,PS2,2005.0,Shooter,LucasArts,2.18,1.02,0.03,0.37,3.59
10,11,Nintendogs,DS,2005.0,Simulation,Nintendo,9.07,11.0,1.93,2.75,24.76
211,212,Madden NFL 06,PS2,2005.0,Sports,Electronic Arts,3.98,0.26,0.01,0.66,4.91
2073,2075,Zoo Tycoon DS,DS,2005.0,Strategy,THQ,0.86,0.04,0.01,0.08,1.0
100,101,The Legend of Zelda: Twilight Princess,Wii,2006.0,Action,Nintendo,3.83,2.19,0.6,0.7,7.31
1276,1278,Bratz: Forever Diamondz,DS,2006.0,Adventure,THQ,0.43,0.88,0.0,0.18,1.48
577,578,Pac-Man: Adventures in Time,PSP,2006.0,Fighting,Sony Computer Entertainment,0.76,1.1,0.12,0.65,2.63
7,8,Wii Play,Wii,2006.0,Misc,Nintendo,14.03,9.2,2.93,2.85,29.02
6,7,New Super Mario Bros.,DS,2006.0,Platform,Nintendo,11.38,9.23,6.5,2.9,30.01
490,491,WarioWare: Smooth Moves,Wii,2006.0,Puzzle,Nintendo,0.87,1.06,0.73,0.26,2.92
309,310,MotorStorm,PS3,2006.0,Racing,Sony Computer Entertainment,1.53,1.61,0.06,0.67,3.88
20,21,Pokemon Diamond/Pokemon Pearl,DS,2006.0,Role-Playing,Nintendo,6.42,4.52,6.04,1.37,18.36
141,142,Gears of War,X360,2006.0,Shooter,Microsoft Game Studios,3.54,1.9,0.07,0.6,6.11
153,154,Cooking Mama,DS,2006.0,Simulation,505 Games,3.13,1.94,0.07,0.58,5.72
0,1,Wii Sports,Wii,2006.0,Sports,Nintendo,41.49,29.02,3.77,8.46,82.74
2644,2646,Worms: Open Warfare,PSP,2006.0,Strategy,THQ,0.11,0.43,0.0,0.24,0.78
150,151,LEGO Star Wars: The Complete Saga,Wii,2007.0,Action,LucasArts,3.66,1.63,0.0,0.53,5.83
158,159,Assassin's Creed,X360,2007.0,Adventure,Ubisoft,3.28,1.65,0.07,0.55,5.55
469,470,Dragon Ball Z: Budokai Tenkaichi 3,PS2,2007.0,Fighting,Atari,1.15,0.0,0.76,1.09,3.0
74,75,Mario Party DS,DS,2007.0,Misc,Nintendo,4.46,1.88,1.98,0.7,9.02
48,49,Super Mario Galaxy,Wii,2007.0,Platform,Nintendo,6.16,3.4,1.2,0.76,11.52
177,178,Professor Layton and the Curious Village,DS,2007.0,Puzzle,Nintendo,1.22,2.48,1.03,0.52,5.26
272,273,Gran Turismo 5 Prologue,PS3,2007.0,Racing,Sony Computer Entertainment,1.28,1.83,0.57,0.53,4.2
209,210,Pokemon Mystery Dungeon: Explorers of Time/Explorers of Darkness,DS,2007.0,Role-Playing,Nintendo,1.85,1.2,1.54,0.37,4.96
43,44,Halo 3,X360,2007.0,Shooter,Microsoft Game Studios,7.97,2.83,0.13,1.21,12.14
337,338,MySims,DS,2007.0,Simulation,Electronic Arts,1.59,1.61,0.08,0.41,3.69
13,14,Wii Fit,Wii,2007.0,Sports,Nintendo,8.94,8.03,3.6,2.15,22.72
3902,3904,Fire Emblem: Radiant Dawn,Wii,2007.0,Strategy,Nintendo,0.28,0.03,0.17,0.03,0.51
51,52,Grand Theft Auto IV,X360,2008.0,Action,Take-Two Interactive,6.76,3.1,0.14,1.03,11.02
434,435,Club Penguin: Elite Penguin Force,DS,2008.0,Adventure,Disney Interactive Studios,1.88,0.98,0.0,0.3,3.16
39,40,Super Smash Bros. Brawl,Wii,2008.0,Fighting,Nintendo,6.75,2.61,2.66,1.02,13.04
343,344,Guitar Hero: World Tour,Wii,2008.0,Misc,Activision,2.33,0.97,0.0,0.35,3.65
148,149,LittleBigPlanet,PS3,2008.0,Platform,Sony Computer Entertainment,2.8,2.05,0.17,0.9,5.92
399,400,Professor Layton and the Unwound Future,DS,2008.0,Puzzle,Nintendo,0.65,1.61,0.82,0.28,3.36
2,3,Mario Kart Wii,Wii,2008.0,Racing,Nintendo,15.85,12.88,3.79,3.31,35.82
88,89,Pokémon Platinum Version,DS,2008.0,Role-Playing,Nintendo,2.82,1.78,2.69,0.55,7.84
98,99,Call of Duty: World at War,X360,2008.0,Shooter,Activision,4.79,1.9,0.0,0.69,7.37
226,227,Animal Crossing: City Folk,Wii,2008.0,Simulation,Nintendo,1.87,1.12,1.32,0.37,4.68
189,190,Mario & Sonic at the Olympic Games,DS,2008.0,Sports,Sega,1.64,2.48,0.44,0.58,5.14
1717,1719,Spore,PC,2008.0,Strategy,Electronic Arts,0.03,1.06,0.0,0.09,1.17
45,46,Pokemon HeartGold/Pokemon SoulSilver,DS,2009.0,Action,Nintendo,4.4,2.77,3.96,0.77,11.9
1682,1684,PokéPark Wii: Pikachu's Adventure,Wii,2009.0,Adventure,Nintendo,0.55,0.17,0.42,0.06,1.2
274,275,Street Fighter IV,PS3,2009.0,Fighting,Capcom,2.02,1.06,0.58,0.53,4.19
102,103,Just Dance,Wii,2009.0,Misc,Ubisoft,3.51,3.03,0.0,0.73,7.27
8,9,New Super Mario Bros. Wii,Wii,2009.0,Platform,Nintendo,14.59,7.06,4.7,2.26,28.62
535,536,Professor Layton and the Last Specter,DS,2009.0,Puzzle,Nintendo,0.3,1.47,0.68,0.34,2.79
160,161,Forza Motorsport 3,X360,2009.0,Racing,Microsoft Game Studios,2.99,1.92,0.1,0.51,5.51
149,150,Dragon Quest IX: Sentinels of the Starry Skies,DS,2009.0,Role-Playing,Nintendo,0.66,0.69,4.35,0.15,5.84
36,37,Call of Duty: Modern Warfare 2,X360,2009.0,Shooter,Activision,8.52,3.63,0.08,1.29,13.51
83,84,The Sims 3,PC,2009.0,Simulation,Electronic Arts,0.98,6.42,0.0,0.71,8.11
3,4,Wii Sports Resort,Wii,2009.0,Sports,Nintendo,15.75,11.01,3.28,2.96,33.0
578,579,Halo Wars,X360,2009.0,Strategy,Microsoft Game Studios,1.53,0.82,0.04,0.24,2.63
123,124,Red Dead Redemption,PS3,2010.0,Action,Take-Two Interactive,2.79,2.61,0.17,1.03,6.6
447,448,Heavy Rain,PS3,2010.0,Adventure,Sony Computer Entertainment,1.29,1.27,0.06,0.5,3.12
1355,1357,UFC Undisputed 2010,PS3,2010.0,Fighting,THQ,0.8,0.41,0.02,0.19,1.42
15,16,Kinect Adventures!,X360,2010.0,Misc,Microsoft Game Studios,14.97,4.94,0.24,1.67,21.82
91,92,Super Mario Galaxy 2,Wii,2010.0,Platform,Nintendo,3.66,2.42,0.98,0.64,7.69
558,559,Mario vs. Donkey Kong: Mini-Land Mayhem!,DS,2010.0,Puzzle,Nintendo,1.63,0.52,0.35,0.18,2.69
54,55,Gran Turismo 5,PS3,2010.0,Racing,Sony Computer Entertainment,2.96,4.88,0.81,2.12,10.77
26,27,Pokemon Black/Pokemon White,DS,2010.0,Role-Playing,Nintendo,5.57,3.28,5.65,0.82,15.32
31,32,Call of Duty: Black Ops,X360,2010.0,Shooter,Activision,9.67,3.73,0.11,1.13,14.64
679,681,The Sims 3,X360,2010.0,Simulation,Electronic Arts,1.27,0.86,0.0,0.2,2.33
117,118,Zumba Fitness,Wii,2010.0,Sports,505 Games,3.5,2.64,0.0,0.67,6.81
217,218,StarCraft II: Wings of Liberty,PC,2010.0,Strategy,Activision,2.56,1.68,0.0,0.59,4.83
115,116,Uncharted 3: Drake's Deception,PS3,2011.0,Action,Sony Computer Entertainment,2.77,2.8,0.19,1.06,6.83
417,418,L.A. Noire,PS3,2011.0,Adventure,Take-Two Interactive,1.27,1.33,0.12,0.51,3.23
508,509,Mortal Kombat,PS3,2011.0,Fighting,Warner Bros. Interactive Entertainment,1.98,0.55,0.0,0.32,2.85
60,61,Just Dance 3,Wii,2011.0,Misc,Ubisoft,6.05,3.15,0.0,1.07,10.26
53,54,Super Mario 3D Land,3DS,2011.0,Platform,Nintendo,4.89,2.99,2.13,0.78,10.79
975,977,Professor Layton and the Mask of Miracle,3DS,2011.0,Puzzle,Nintendo,0.32,0.95,0.36,0.14,1.78
42,43,Mario Kart 7,3DS,2011.0,Racing,Nintendo,4.74,3.91,2.67,0.89,12.21
75,76,The Elder Scrolls V: Skyrim,X360,2011.0,Role-Playing,Bethesda Softworks,5.03,2.86,0.1,0.85,8.84
29,30,Call of Duty: Modern Warfare 3,X360,2011.0,Shooter,Activision,9.03,4.28,0.13,1.32,14.76
321,322,Nintendogs + cats,3DS,2011.0,Simulation,Nintendo,1.44,1.37,0.73,0.27,3.81
121,122,FIFA 12,PS3,2011.0,Sports,Electronic Arts,0.84,4.32,0.11,1.42,6.69
1206,1208,LEGO Battles: Ninjago,DS,2011.0,Strategy,Warner Bros. Interactive Entertainment,1.07,0.36,0.0,0.12,1.55
82,83,FIFA Soccer 13,PS3,2012.0,Action,Electronic Arts,1.06,5.05,0.13,2.01,8.24
2598,2600,The Walking Dead: Season One,PS3,2012.0,Adventure,Avanquest Software,0.4,0.25,0.03,0.11,0.79
2370,2372,Tekken Tag Tournament 2,PS3,2012.0,Fighting,Namco Bandai Games,0.28,0.33,0.13,0.14,0.88
111,112,Just Dance 4,Wii,2012.0,Misc,Ubisoft,4.14,2.21,0.0,0.56,6.91
64,65,New Super Mario Bros. 2,3DS,2012.0,Platform,Nintendo,3.66,3.07,2.47,0.63,9.82
2552,2554,Professor Layton vs Phoenix Wright: Ace Attorney,3DS,2012.0,Puzzle,Level 5,0.2,0.26,0.3,0.04,0.81
498,499,Need for Speed: Most Wanted,PS3,2012.0,Racing,Electronic Arts,0.71,1.51,0.06,0.61,2.89
81,82,Pokemon Black 2/Pokemon White 2,DS,2012.0,Role-Playing,Nintendo,2.91,1.86,3.14,0.43,8.33
34,35,Call of Duty: Black Ops II,PS3,2012.0,Shooter,Activision,4.99,5.88,0.65,2.52,14.03
73,74,Animal Crossing: New Leaf,3DS,2012.0,Simulation,Nintendo,2.01,2.32,4.36,0.41,9.09
468,469,NBA 2K13,X360,2012.0,Sports,Take-Two Interactive,2.6,0.21,0.01,0.19,3.0
2824,2826,XCOM: Enemy Unknown,PC,2012.0,Strategy,Take-Two Interactive,0.26,0.36,0.0,0.1,0.72
16,17,Grand Theft Auto V,PS3,2013.0,Action,Take-Two Interactive,7.01,9.27,0.97,4.14,21.4
969,971,Beyond: Two Souls,PS3,2013.0,Adventure,Sony Computer Entertainment,0.52,0.88,0.06,0.34,1.79
1370,1372,Injustice: Gods Among Us,X360,2013.0,Fighting,Warner Bros. Interactive Entertainment,0.97,0.34,0.0,0.11,1.41
72,73,Minecraft,X360,2013.0,Misc,Microsoft Game Studios,5.58,2.83,0.02,0.77,9.2
261,262,Super Mario 3D World,WiiU,2013.0,Platform,Nintendo,2.11,1.11,0.72,0.3,4.25
2627,2629,Professor Layton and the Azran Legacy,3DS,2013.0,Puzzle,Nintendo,0.0,0.48,0.25,0.06,0.78
344,345,Gran Turismo 6,PS3,2013.0,Racing,Sony Computer Entertainment,0.71,1.8,0.4,0.74,3.64
32,33,Pokemon X/Pokemon Y,3DS,2013.0,Role-Playing,Nintendo,5.17,4.05,4.34,0.79,14.35
61,62,Call of Duty: Ghosts,X360,2013.0,Shooter,Activision,6.72,2.63,0.04,0.82,10.21
188,189,Tomodachi Life,3DS,2013.0,Simulation,Nintendo,0.96,2.02,1.89,0.28,5.15
112,113,FIFA 14,PS3,2013.0,Sports,Electronic Arts,0.78,4.32,0.07,1.73,6.9
1092,1094,StarCraft II: Heart of the Swarm,PC,2013.0,Strategy,Activision,0.82,0.65,0.0,0.19,1.67
44,45,Grand Theft Auto V,PS4,2014.0,Action,Take-Two Interactive,3.8,5.81,0.36,2.02,11.98
4317,4319,The Walking Dead: Season One,PS4,2014.0,Adventure,Telltale Games,0.12,0.25,0.01,0.08,0.45
97,98,Super Smash Bros. for Wii U and 3DS,3DS,2014.0,Fighting,Nintendo,3.24,1.35,2.42,0.43,7.45
168,169,Minecraft,PS3,2014.0,Misc,Sony Computer Entertainment,1.97,2.51,0.0,0.94,5.42
929,931,LittleBigPlanet 3,PS4,2014.0,Platform,Sony Computer Entertainment,0.64,0.92,0.01,0.29,1.86
1687,1689,Captain Toad: Treasure Tracker,WiiU,2014.0,Puzzle,Nintendo,0.56,0.36,0.19,0.09,1.19
108,109,Mario Kart 8,WiiU,2014.0,Racing,Nintendo,3.13,2.07,1.27,0.49,6.96
49,50,Pokemon Omega Ruby/Pokemon Alpha Sapphire,3DS,2014.0,Role-Playing,Nintendo,4.23,3.37,3.08,0.65,11.33
93,94,Call of Duty: Advanced Warfare,PS4,2014.0,Shooter,Activision,2.8,3.3,0.14,1.37,7.6
478,479,The Sims 4,PC,2014.0,Simulation,Electronic Arts,0.96,1.72,0.0,0.29,2.97
124,125,FIFA 15,PS4,2014.0,Sports,Electronic Arts,0.79,4.29,0.05,1.47,6.59
5150,5152,Sid Meier's Civilization: Beyond Earth,PC,2014.0,Strategy,Take-Two Interactive,0.11,0.22,0.0,0.03,0.37
243,244,Uncharted: The Nathan Drake Collection,PS4,2015.0,Action,Sony Computer Entertainment,1.96,1.69,0.08,0.74,4.47
1122,1124,Until Dawn,PS4,2015.0,Adventure,Sony Computer Entertainment Europe,0.44,0.89,0.05,0.25,1.64
553,554,Mortal Kombat X,PS4,2015.0,Fighting,Warner Bros. Interactive Entertainment,1.47,0.76,0.0,0.47,2.7
1207,1209,Mario Party 10,WiiU,2015.0,Misc,Nintendo,0.69,0.5,0.24,0.11,1.55
429,430,Super Mario Maker,WiiU,2015.0,Platform,Nintendo,1.18,0.87,0.93,0.2,3.18
4299,4301,Puzzle & Dragons Z + Super Mario Bros. Edition,3DS,2015.0,Puzzle,Nintendo,0.05,0.05,0.34,0.01,0.46
650,651,Need for Speed (2015),PS4,2015.0,Racing,Electronic Arts,0.49,1.49,0.05,0.36,2.39
109,110,Fallout 4,PS4,2015.0,Role-Playing,Bethesda Softworks,2.47,3.15,0.24,1.1,6.96
33,34,Call of Duty: Black Ops 3,PS4,2015.0,Shooter,Activision,5.77,5.81,0.35,2.31,14.24
476,477,Animal Crossing: Happy Home Designer,3DS,2015.0,Simulation,Nintendo,0.47,1.0,1.39,0.12,2.98
77,78,FIFA 16,PS4,2015.0,Sports,Electronic Arts,1.11,6.06,0.06,1.26,8.49
3888,3890,StarCraft II: Legacy of the Void,PC,2015.0,Strategy,Activision,0.18,0.29,0.0,0.04,0.51
770,772,Far Cry: Primal,PS4,2016.0,Action,Ubisoft,0.59,1.16,0.06,0.33,2.13
5096,5098,Life is Strange,PS4,2016.0,Adventure,Square Enix,0.14,0.15,0.03,0.06,0.37
1958,1960,Naruto Shippuden: Ultimate Ninja Storm 4,PS4,2016.0,Fighting,Namco Bandai Games,0.39,0.41,0.1,0.16,1.06
4513,4515,Minecraft,WiiU,2016.0,Misc,Microsoft Game Studios,0.18,0.09,0.14,0.03,0.43
1727,1729,Ratchet & Clank (2016),PS4,2016.0,Platform,Sony Computer Entertainment,0.32,0.64,0.04,0.18,1.17
5015,5017,Forza Horizon 3,XOne,2016.0,Racing,Microsoft Game Studios,0.15,0.2,0.0,0.03,0.38
1189,1191,Dark Souls III,PS4,2016.0,Role-Playing,Namco Bandai Games,0.58,0.44,0.33,0.21,1.56
271,272,Uncharted 4: A Thief's End,PS4,2016.0,Shooter,Sony Computer Entertainment,1.3,2.07,0.18,0.65,4.2
7812,7814,Story of Seasons: Good Friends of the Three Villages,3DS,2016.0,Simulation,Marvelous Interactive,0.0,0.0,0.19,0.0,0.19
221,222,FIFA 17,PS4,2016.0,Sports,Electronic Arts,0.28,3.75,0.06,0.69,4.77
7564,7566,XCOM 2,PC,2016.0,Strategy,Take-Two Interactive,0.09,0.1,0.0,0.02,0.2
16438,16441,Brothers Conflict: Precious Baby,PSV,2017.0,Action,Idea Factory,0.0,0.0,0.01,0.0,0.01
14390,14393,Phantasy Star Online 2 Episode 4: Deluxe Package,PS4,2017.0,Role-Playing,Sega,0.0,0.0,0.03,0.0,0.03
5957,5959,Imagine: Makeup Artist,DS,2020.0,Simulation,Ubisoft,0.27,0.0,0.0,0.02,0.29
